npi,first_name,last_name,email,sign_digitally
5945217721,Adriaens,Durrance,adurrance0@rediff.com,true
3070264782,Guenna,Clausewitz,gclausewitz1@bizjournals.com,false
0505885885,Gretchen,Martensen,gmartensen2@loc.gov,true
1039710414,Alexander,Fairfoot,afairfoot3@ow.ly,true
6672576336,Perri,Tumelty,ptumelty4@ehow.com,true
2217445153,Sybil,Edgington,sedgington5@creativecommons.org,true
9284547666,Annabel,Thornewill,athornewill6@g.co,false
2989374959,Vinita,Guinnane,vguinnane7@123-reg.co.uk,true
7481735223,Clark,Moodey,cmoodey8@google.co.jp,true
7615093330,Ellerey,Lintott,elintott9@eventbrite.com,false
5743421943,Zacherie,Berryman,zberrymana@lulu.com,true
5367032142,Kate,Dable,kdableb@washingtonpost.com,true
9578282680,Garland,Begwell,gbegwellc@a8.net,false
5113344012,Legra,Pollard,lpollardd@desdev.cn,false
1794062292,Franz,Work,fworke@fema.gov,true
9336889397,Ursuline,Kupis,ukupisf@booking.com,false
2255396123,Sonja,Repper,srepperg@patch.com,false
0224743126,Madelyn,Mc Gee,mmcgeeh@sourceforge.net,true
0777810660,Guilbert,Zapatero,gzapateroi@ft.com,true
8290991863,Hi,Huyhton,hhuyhtonj@dedecms.com,false
3657701089,Lu,Lorenzin,llorenzink@last.fm,false
2718391827,Regan,Gilchrest,rgilchrestl@sciencedaily.com,true
7165879537,Kelsey,Braunes,kbraunesm@ucoz.ru,false
9603778574,Seana,Hellicar,shellicarn@pbs.org,true
7800009455,Noreen,Tidcomb,ntidcombo@wp.com,false
7285429952,Rena,Noe,rnoep@opera.com,false
9853840994,Dru,Skeech,dskeechq@addtoany.com,true
2444063402,Denys,Cutten,dcuttenr@oakley.com,false
2310810532,Benetta,Soane,bsoanes@irs.gov,false
3248385343,Saree,Sallnow,ssallnowt@ucoz.ru,true
9049515733,Madelyn,McLuckie,mmcluckieu@zimbio.com,true
2517479045,Darsey,Lilford,dlilfordv@cafepress.com,false
0141923613,Friedrich,Sandbach,fsandbachw@mac.com,false
4943608621,West,Muirhead,wmuirheadx@samsung.com,false
9865534479,Cristobal,Gedney,cgedneyy@buzzfeed.com,false
8553725381,Mirabel,Haldenby,mhaldenbyz@virginia.edu,true
1161574589,Kizzie,Rantoull,krantoull10@google.co.uk,false
5700295842,Hestia,Greenstock,hgreenstock11@youtube.com,true
8067538791,Leland,Eblein,leblein12@g.co,false
1935454689,Mahmoud,Fazan,mfazan13@blogtalkradio.com,true
6957871343,Umeko,Jakubiak,ujakubiak14@cafepress.com,true
0363418202,Thaddeus,Dutton,tdutton15@skyrock.com,false
4749953454,Taite,Dimitrie,tdimitrie16@cam.ac.uk,false
4122861960,Morry,Lemmens,mlemmens17@devhub.com,true
3722773953,Shirl,Killelay,skillelay18@bbb.org,true
2292189604,Maribel,Silkston,msilkston19@slate.com,true
1951846682,Alphonso,Burbank,aburbank1a@buzzfeed.com,true
3855973986,Betsey,Ambrogini,bambrogini1b@delicious.com,true
5077948735,Wainwright,McVittie,wmcvittie1c@tinyurl.com,false
6337746851,Marti,Wilflinger,mwilflinger1d@freewebs.com,false
5318368818,Dirk,Arrell,darrell1e@adobe.com,false
7737512851,Gustavo,Shefton,gshefton1f@imdb.com,true
1612834393,Mordy,Champken,mchampken1g@youtube.com,true
9115408428,Ambrosi,Thomsson,athomsson1h@dell.com,false
2602529510,Kore,Corpes,kcorpes1i@booking.com,true
3388893410,Regan,Gohn,rgohn1j@si.edu,false
3167896925,Sky,Biasioli,sbiasioli1k@earthlink.net,true
6899210755,Maure,Ander,mander1l@businesswire.com,true
5707978253,Maure,Dagnan,mdagnan1m@tmall.com,true
2618785198,Bobinette,Lawson,blawson1n@sourceforge.net,true
6228189816,Kristin,Taffurelli,ktaffurelli1o@microsoft.com,true
5360172733,Katleen,Pioch,kpioch1p@amazon.de,true
6991697078,Ardath,Maxwale,amaxwale1q@vistaprint.com,true
6771590633,Kally,Arrington,karrington1r@jalbum.net,false
9378342038,Allene,Sturgeon,asturgeon1s@msu.edu,true
5978617632,Lilas,Asey,lasey1t@photobucket.com,true
0403823329,Tara,Croyser,tcroyser1u@is.gd,false
4297133302,Sergeant,Berks,sberks1v@slate.com,true
0873428455,Denni,Konneke,dkonneke1w@nbcnews.com,true
2872733466,Etti,Greatham,egreatham1x@purevolume.com,false
1180118823,Cleo,Vere,cvere1y@squidoo.com,false
2754141020,Aurea,Dudden,adudden1z@samsung.com,true
3116062955,Marven,Le Blond,mleblond20@google.com.hk,false
3934349925,Davide,De Vuyst,ddevuyst21@opensource.org,false
0109278373,Ham,Pettet,hpettet22@ucla.edu,true
1200240841,Leanor,Lindberg,llindberg23@miibeian.gov.cn,false
6707987177,Romain,Hendrickson,rhendrickson24@flavors.me,false
4024416530,Audrie,Abramamovh,aabramamovh25@usgs.gov,true
6605994468,Cathie,Labet,clabet26@apache.org,false
3921171583,Sheila,Coyne,scoyne27@squarespace.com,false
7788046924,Gerry,Soden,gsoden28@vinaora.com,false
1378030118,Dode,Gridon,dgridon29@slideshare.net,false
0463993086,Ravi,Grassin,rgrassin2a@cdbaby.com,true
0461127247,Alvis,McComiskie,amccomiskie2b@columbia.edu,true
6280359754,Gerty,Dealy,gdealy2c@wired.com,false
5696016243,Erminia,Dawidsohn,edawidsohn2d@vimeo.com,false
4811544752,Lavena,Frotton,lfrotton2e@rediff.com,false
2143770451,Clare,O'Carran,cocarran2f@istockphoto.com,true
8008261685,Karlotte,Kenen,kkenen2g@facebook.com,false
5714156812,Jasen,Patriche,jpatriche2h@mail.ru,false
8636177711,Andreana,Hearn,ahearn2i@jigsy.com,false
0187324369,Parsifal,Wisbey,pwisbey2j@hibu.com,false
9161889261,Adelice,Amott,aamott2k@liveinternet.ru,false
5528411748,Gertie,Wessel,gwessel2l@cbslocal.com,true
8042522435,Sebastiano,Don,sdon2m@studiopress.com,false
8795972091,Lanni,Worboy,lworboy2n@simplemachines.org,false
8015152638,Waite,Gyse,wgyse2o@fda.gov,false
5667597786,Hesther,Maith,hmaith2p@multiply.com,false
8130677152,Jacquette,Gledhall,jgledhall2q@scribd.com,true
7584233512,Wynny,Cafferky,wcafferky2r@ask.com,true